Layer Name,Color,Circle Count,Average Area
Layer 1,#F37F6BB2,48,376.1402704204279
Layer 2,#F75C1FE6,33,291.59691811956174
Layer 3,#46DF6D14,32,435.797805915159
Layer 4,#B791AC39,29,250.2441044756008
Layer 5,#E7B0043C,37,224.8361445055614
Layer 6,#EE2EA4FB,27,296.3569069886372
Layer 7,#CF766803,33,299.21290031008243
Layer 8,#C886AE49,21,289.77452238111573
Layer 9,#0C84BC9B,27,344.0625732098155
Layer 10,#9C90BF84,22,308.7328780482333
